"id","body","write_date","user_have_to_submit_id","writer_id"
"2","ㅁㄴㅇㄹ","2015-12-22 02:50:46","3","1"
"3","fg","2015-12-27 22:30:58","6","1"
"4","areg","2015-12-27 22:31:01","6","1"
"5","awef","2015-12-27 22:52:51","2","1"
"6","awef","2015-12-27 22:58:04","2","1"
"7","awef","2015-12-27 23:20:47","2","1"
"8","wefawef","2015-12-27 23:30:21","6","1"
"9","awerawer","2015-12-27 23:30:26","6","1"
"10","awerawer","2015-12-27 23:30:29","7","1"
"11","aewrwaer","2015-12-27 23:30:31","7","1"
"12","aefa","2015-12-27 23:33:03","6","1"
"13","awef","2015-12-27 23:33:07","6","1"
"14","awef","2015-12-27 23:33:09","6","1"
"15","awef","2015-12-27 23:33:11","6","1"
"16","awef","2015-12-27 23:33:13","6","1"
"17","wesf","2015-12-27 23:33:24","6","1"
"18","awef","2015-12-27 23:33:25","6","1"
"19","arg","2015-12-27 23:48:34","6","1"
